TRED,alts,alts.hg19
DM1,chr1:11858704-11859006|chr1:14831187-14831489|chr1:53327685-53327985|chr1:70072427-70072727|chr1:76868439-76868739|chr1:153606943-153607243|chr1:154869572-154869872|chr2:60675141-60675441|chr2:99601386-99601686|chr2:122663753-122664057|chr2:163338356-163338656|chr2:190880721-190881022|chr3:63912535-63912835|chr4:48653656-48653957|chr4:78870775-78871134|chr4:86747383-86747685|chr4:139889769-139890069|chr4:141512023-141512326|chr5:44958416-44958720|chr5:138594081-138594397|chr5:166979024-166979346|chr6:5770251-5770551|chr6:16327481-16327804|chr6:104019164-104019469|chr6:136038035-136038336|chr6:170561756-170562090|chr7:7673158-7673458|chr7:11831677-11831977|chr7:122288042-122288359|chr9:20414126-20414455|chr9:24301073-24301375|chr10:75616092-75616392|chr10:75972871-75973171|chr11:96092017-96092342|chr12:6936565-6936868|chr12:65563562-65563862|chr12:111598796-111599108|chr12:132062373-132062677|chr12:132606049-132606349|chr13:35476146-35476446|chr13:70139230-70139530|chr13:106714595-106714895|chr13:107866149-107866492|chr14:77027262-77027568|chr16:24776904-24777204|chr16:50153338-50153638|chr16:56815703-56816034|chr16:67842710-67843041|chr16:73546510-73546821|chr16:90102133-90102433|chr17:4887520-4887821|chr17:10995557-10995863|chr17:21296744-21297044|chr17:50690464-50690765|chr17:51831516-51831819|chr17:77639612-77639912|chr18:51767723-51768023|chr18:55585997-55586308|chr19:13207708-13208013|chr19:46898624-46898924|chr20:47650920-47651220|chr22:27798742-27799044|chr22:27799466-27799766|chrX:21367063-21367383|chrX:24364090-24364418|chrX:67545163-67545468|chrX:68912979-68913279|chrX:72027826-72028126|chrX:150470902-150471202|chrX:151765492-151765792,chr1:11918753-11919061|chr1:53793357-53793657|chr2:16420654-16420954|chr2:100217848-100218148|chr2:116797258-116797558|chr2:123421328-123421634|chr2:153532999-153533299|chr2:191745446-191745748|chr3:49694204-49694504|chr3:65425420-65425720|chr4:48655674-48655974|chr4:79791985-79792285|chr4:86670948-86671248|chr4:87668535-87668840|chr4:140810907-140811207|chr4:142433176-142433476|chr4:189191817-189192117|chr5:44958518-44958831|chr5:71254121-71254421|chr5:137929770-137930072|chr5:146258137-146258437|chr5:166406029-166406360|chr6:16327711-16328057|chr6:91006354-91006654|chr6:104467037-104467345|chr6:170870843-170871172|chr7:7712789-7713090|chr7:121928095-121928412|chr7:123672314-123672614|chr9:2039614-2039915|chr9:20414124-20414490|chr9:24301071-24301372|chr9:38354711-38355011|chr9:141107377-141107677|chr10:77375852-77376152|chr10:77732629-77732929|chr11:28332273-28332573|chr11:95825184-95825506|chr12:7045726-7046028|chr12:65957341-65957645|chr12:80367581-80367881|chr12:103352019-103352319|chr12:112036600-112036906|chr12:114071940-114072248|chr12:122741006-122741306|chr12:132546918-132547243|chr13:70713361-70713661|chr13:72440259-72440559|chr13:107366946-107367246|chr13:108518497-108518812|chr14:77493610-77493911|chr14:97906301-97906601|chr15:72395399-72395699|chr16:24788225-24788525|chr16:56849618-56849937|chr16:67876611-67876929|chr16:73580410-73580715|chr16:87637743-87638043|chr16:90168540-90168841|chr17:3497298-3497599|chr17:4790813-4791116|chr17:10898867-10899181|chr17:19398554-19398854|chr17:48767825-48768126|chr17:49908875-49909209|chr18:10648094-10648394|chr18:49294086-49294386|chr18:53253228-53253538|chr19:13318522-13318832|chr19:47401881-47402181|chr20:46279664-46279964|chr22:24037489-24037789|chr22:28194752-28195056|chr22:40982738-40983038|chrX:24382206-24382531|chrX:30490354-30490654|chrX:41376868-41377168|chrX:66765002-66765310|chrX:68132806-68133122|chrX:71247676-71247982|chrX:150933961-150934261|chrY:5314756-5315056
DM2,chr1:18478520-18478831|chr1:22243322-22243631|chr1:35922448-35922748|chr1:54836116-54836425|chr1:57273366-57273668|chr1:63678186-63678491|chr1:164663090-164663390|chr1:199776746-199777046|chr2:97972334-97972647|chr2:147523803-147524103|chr2:238144282-238144582|chr3:1618404-1618704|chr3:47368333-47368633|chr3:102742732-102743037|chr3:123151577-123151918|chr4:47354749-47355049|chr4:84635422-84635722|chr4:112062399-112062706|chr4:125827988-125828314|chr4:160670872-160671172|chr5:61946044-61946344|chr5:164296504-164296804|chr6:128434956-128435267|chr6:161219721-161220058|chr7:25826909-25827209|chr7:73601919-73602231|chr7:82392935-82393235|chr7:99145620-99145920|chr7:138981389-138981689|chr8:6259004-6259305|chr8:26002674-26003008|chr8:59455956-59456281|chr8:105352675-105352975|chr9:14719354-14719677|chr9:110892670-110892996|chr9:130062465-130062765|chr10:85819877-85820183|chr10:124162867-124163237|chr11:3867690-3867990|chr11:17569920-17570220|chr11:93585553-93585876|chr12:51079971-51080274|chr12:78064243-78064574|chr14:22489218-22489518|chr15:76873177-76873483|chr16:7379588-7379888|chr17:73445544-73445844|chr17:83168956-83169256|chr18:49292162-49292462|chr19:42495719-42496020|chr20:29745155-29745456|chr20:47293030-47293334|chr20:63883667-63883976|chr21:8222649-8222949|chr21:8405651-8405951|chr22:11626441-11626748|chr22:30308127-30308438|chr22_KI270733v1_random:139599-139903|chrUn_GL000220v1:121307-121607|chrX:117930140-117930440|chrY:11850797-11851097,chr1:18805014-18805326|chr1:22569814-22570126|chr1:36388047-36388353|chr1:55301787-55302099|chr1:57739039-57739339|chr1:64143857-64144165|chr1:229814652-229814952|chr2:60746520-60746820|chr2:98588803-98589103|chr2:134255901-134256201|chr2:148281363-148281663|chr2:239052923-239053241|chr3:1660088-1660388|chr3:55617209-55617509|chr3:68932941-68933241|chr3:102461573-102461880|chr3:122870423-122870762|chr4:47356766-47357066|chr4:70493031-70493331|chr4:85556574-85556878|chr4:112983559-112983867|chr4:126749143-126749458|chr4:131456029-131456329|chr4:161592020-161592323|chr5:142967160-142967460|chr5:149816660-149816960|chr6:13477403-13477703|chr6:128755956-128756431|chr6:161640753-161641081|chr7:73016249-73016557|chr7:98743242-98743546|chr7:105547985-105548285|chr7:138666135-138666435|chr8:6116524-6116833|chr8:25860192-25860570|chr8:60368514-60368860|chr9:14719352-14719658|chr9:71567554-71567854|chr9:91453377-91453677|chr9:113654952-113655279|chr9:124403890-124404190|chr10:87579634-87579934|chr10:88428643-88428943|chr11:27927907-27928207|chr11:93318722-93319039|chr11:118771134-118771434|chr11:121651502-121651802|chr12:51473754-51474071|chr12:78458030-78458359|chr13:86613076-86613376|chr14:104701632-104701938|chr15:59902192-59902495|chr15:77165515-77165823|chr16:7429584-7429884|chr17:36882480-36882780|chr17:79766873-79767173|chr17:81116726-81117026|chr19:42999870-43000171|chr20:48062915-48063215|chr20:62515018-62515324|chr22:30704116-30704439|chrUn_gl000220:121301-121603|chrUn_gl000229:15066-15368|chrX:72242536-72242836|chrY:13971503-13971806
DRPLA,chr1:11858696-11859004|chr1:153934646-153934946|chr1:154869572-154869872|chr2:122663753-122664055|chr2:190880721-190881021|chr2:202932492-202932792|chr2:241140034-241140334|chr3:65439735-65440035|chr3:156509223-156509523|chr3:197333806-197334106|chr4:48653657-48653957|chr4:85749796-85750096|chr4:86747383-86747695|chr4:139889334-139889634|chr4:139889753-139890055|chr4:141512023-141512323|chr5:32406774-32407074|chr5:71958296-71958596|chr5:88489460-88489760|chr5:138594080-138594395|chr5:166979024-166979353|chr6:16327480-16327817|chr6:104019163-104019468|chr6:156897030-156897330|chr6:170561755-170562091|chr7:7673158-7673459|chr7:97005901-97006201|chr7:122288042-122288357|chr7:149471140-149471440|chr8:8606709-8607009|chr9:2039614-2039935|chr9:20414126-20414495|chr9:24301073-24301377|chr10:75972871-75973182|chr11:96092017-96092338|chr12:65563560-65563862|chr12:79973798-79974098|chr12:111598796-111599112|chr13:67656670-67656970|chr13:71866130-71866430|chr13:106714595-106714895|chr13:107866149-107866449|chr14:97439964-97440264|chr15:72103108-72103408|chr15:86931416-86931716|chr16:24776904-24777204|chr16:50153338-50153638|chr16:51349687-51349987|chr16:52439318-52439618|chr16:56815708-56816033|chr16:67842711-67843012|chr16:73546510-73546822|chr16:87604132-87604432|chr16:90102131-90102434|chr17:4887520-4887820|chr17:10995561-10995862|chr17:42711739-42712039|chr17:51831514-51831817|chr17:64129836-64130136|chr18:55585997-55586309|chr19:13207708-13208020|chr19:45770053-45770353|chr19:46898624-46898924|chr22:27798742-27799063|chrX:21367061-21367375|chrX:21374442-21374742|chrX:24364088-24364417|chrX:41517614-41517915|chrX:41529227-41529527|chrX:67545157-67545481|chrX:111270248-111270548|chrY:5446717-5447017,chr1:11918761-11919062|chr1:53793357-53793657|chr1:68598576-68598876|chr1:154842048-154842348|chr1:209605482-209605782|chr2:16420654-16420954|chr2:100217848-100218148|chr2:123421329-123421633|chr2:191745443-191745748|chr3:40503366-40503666|chr3:63898210-63898510|chr4:48655674-48655974|chr4:79791968-79792268|chr4:86670947-86671249|chr4:87668533-87668840|chr4:140810488-140810788|chr4:140810907-140811250|chr4:142433176-142433476|chr5:44958521-44958821|chr5:87785274-87785574|chr5:137929769-137930084|chr5:146258137-146258437|chr5:166406027-166406354|chr6:16327711-16328040|chr6:104467040-104467344|chr6:157218167-157218467|chr6:170870844-170871196|chr7:5352637-5352937|chr7:7712789-7713089|chr7:76116019-76116319|chr7:96635213-96635513|chr7:121928096-121928399|chr8:8464218-8464519|chr8:100527439-100527739|chr8:106086990-106087290|chr8:134067919-134068219|chr9:20414124-20414493|chr9:24301072-24301377|chr10:77732629-77732929|chr11:95825194-95825500|chr12:65957342-65957647|chr12:112036600-112036906|chr12:114071951-114072251|chr12:132546918-132547226|chr13:36050282-36050582|chr13:70713366-70713671|chr13:107366944-107367244|chr13:108518497-108518808|chr14:77493608-77493911|chr15:33654464-33654764|chr16:24788225-24788525|chr16:33948546-33948846|chr16:50187249-50187550|chr16:56849618-56849952|chr16:73580411-73580715|chr16:90168541-90168841|chr17:4790815-4791115|chr17:10898877-10899184|chr17:49908876-49909177|chr17:75635698-75635998|chr18:53253225-53253541|chr19:13318522-13318831|chr19:46273311-46273612|chr19:47401881-47402181|chr20:46279664-46279964|chr22:28194730-28195030|chrX:21385180-21385495|chrX:24382207-24382526|chrX:41376868-41377168|chrX:66765003-66765310|chrX:92927966-92928266|chrX:150933961-150934261|chrY:59342645-59342945
FXTAS,chr1:10694429-10694729|chr1:15847783-15848089|chr1:21176414-21176721|chr1:50418955-50419255|chr1:84077937-84078237|chr1:149390652-149390952|chr2:73269301-73269601|chr2:85133545-85133845|chr2:86914132-86914578|chr2:86914531-86914833|chr2:104855143-104855576|chr2:104855668-104855972|chr2:104855927-104856227|chr2:104856938-104857238|chr2:109760253-109760554|chr2:109794434-109794734|chr2:110610913-110611213|chr2:174337296-174337604|chr2:176107526-176107826|chr2:210171140-210171445|chr2:224585009-224585312|chr3:62372368-62372668|chr3:63863796-63864096|chr3:74614283-74614585|chr4:2059223-2059526|chr4:128809824-128810124|chr5:443064-443384|chr5:45695719-45696019|chr5:61332626-61332926|chr5:132257507-132257807|chr5:141878262-141878562|chr5:159971878-159972178|chr6:34889351-34889651|chr6:45422599-45422903|chr6:73262889-73263189|chr6:117907028-117907335|chr7:6615337-6615637|chr7:27169443-27169743|chr7:55887450-55887753|chr7:64181869-64182169|chr7:97005962-97006262|chr7:100673664-100673965|chr7:100694149-100694466|chr7:105014001-105014306|chr7:157009795-157010095|chr8:22693195-22693502|chr8:42896590-42896890|chr8:60678611-60678918|chr8:104588811-104589114|chr8:144336734-144337034|chr9:97854262-97854564|chr9:109320862-109321162|chr10:21516717-21517017|chr10:21516940-21517240|chr10:50991156-50991456|chr10:91162716-91163016|chr10:98029341-98029641|chr10:99535286-99535586|chr10:124917022-124917322|chr10:131900870-131901170|chr12:7628566-7628866|chr12:45729515-45729815|chr12:111033822-111034122|chr12:124567440-124567740|chr13:99985298-99985598|chr14:69572924-69573224|chr14:70907656-70907958|chr14:92719107-92719429|chr15:40358083-40358383|chr16:3880333-3880633|chr16:24729518-24729821|chr16:25692154-25692461|chr16:72787544-72787844|chr16:79599042-79599342|chr17:32142299-32142599|chr17:32486855-32487157|chr17:40219212-40219512|chr18:33578308-33578608|chr18:47248152-47248452|chr18:57435694-57435994|chr19:1407466-1407769|chr19:2015386-2015691|chr19:10871411-10871750|chr19:45496811-45497111|chr20:32277548-32277852|chr20:44810342-44810642|chr21:8441844-8442144|chr21:42219072-42219372|chr22:43862232-43862532|chrUn_GL000220v1:114044-114345|chrX:19990768-19991079|chrX:23334600-23334900|chrX:50812986-50813291|chrX:67546361-67546666|chrX:75746918-75747227|chrX:85243969-85244269|chrX:148500460-148500782|chrX:149631556-149631883|chrX:150983238-150983550|chrX:154444038-154444338,chr1:21502574-21502874|chr1:21502910-21503211|chr1:84543624-84543924|chr1:226736483-226736783|chr2:50573855-50574155|chr2:87141255-87141693|chr2:87141655-87142070|chr2:105471728-105472028|chr2:105473393-105473695|chr2:110517821-110518132|chr2:111878393-111878693|chr2:161349806-161350106|chr2:175202023-175202324|chr2:176957635-176957935|chr2:176972253-176972554|chr2:211035861-211036169|chr2:225449729-225450029|chr3:71802648-71802948|chr3:74663434-74663737|chr4:2060950-2061257|chr4:147560308-147560608|chr4:174450194-174450494|chr5:443185-443498|chr5:60628451-60628756|chr5:141257827-141258127|chr5:159398885-159399185|chr5:176981342-176981642|chr6:45390334-45390637|chr6:50681703-50682003|chr6:118228190-118228499|chr6:170123893-170124195|chr7:20824789-20825089|chr7:27239295-27239595|chr7:55955143-55955448|chr7:65338073-65338373|chr7:96635270-96635570|chr7:100271285-100271587|chr7:100291774-100292105|chr7:103629653-103629953|chr7:104654447-104654755|chr8:22550712-22551018|chr8:42751733-42752045|chr8:61591169-61591480|chr8:105601042-105601342|chr8:145560398-145560698|chr9:79635086-79635386|chr9:100616544-100616845|chr10:21805869-21806184|chr10:52750916-52751216|chr11:57092214-57092514|chr12:46123299-46123599|chr12:64798094-64798397|chr12:106641197-106641497|chr12:111471625-111471925|chr12:125051985-125052285|chr13:100622507-100622807|chr13:100637552-100637856|chr14:71374375-71374675|chr14:93185452-93185763|chr16:24740832-24741145|chr16:25703476-25703776|chr16:72821443-72821744|chr16:79632939-79633239|chr17:7788193-7788493|chr17:30469310-30469610|chr17:30813872-30814177|chr17:38375464-38375776|chr17:64298297-64298602|chr18:15010308-15010608|chr18:31158271-31158572|chr19:1407468-1407768|chr19:2015390-2015690|chr19:10982088-10982427|chr19:46000068-46000368|chr20:30865351-30865651|chr20:41818459-41818759|chrUn_gl000220:114046-114347|chrUn_gl000220:158014-158317|chrX:20008890-20009190|chrX:23352717-23353019|chrX:25031626-25031926|chrX:48814836-48815136|chrX:66766198-66766507|chrX:74966754-74967073|chrX:84498979-84499279|chrX:125299774-125300074|chrX:147581981-147582303|chrX:150151720-150152039|chrX:153672387-153672687
FXS,chr1:21176413-21176724|chr1:154558462-154558762|chr1:178093618-178093918|chr2:48440663-48440963|chr2:86914131-86914584|chr2:86914531-86914833|chr2:90325201-90325501|chr2:104855132-104855443|chr2:104855668-104855968|chr2:104856923-104857238|chr2:109760244-109760544|chr2:174337296-174337605|chr2:176092907-176093207|chr2:176107526-176107829|chr2:210171131-210171450|chr2:224585005-224585312|chr3:74614282-74614590|chr4:2059226-2059526|chr4:41745825-41746125|chr4:146639155-146639455|chr4:173529043-173529343|chr5:443061-443382|chr5:61332624-61332931|chr5:108380855-108381155|chr5:141878260-141878562|chr5:177554341-177554641|chr6:7107527-7107827|chr6:34889351-34889651|chr6:44002612-44002912|chr6:45422599-45422902|chr6:73262890-73263190|chr6:117907027-117907336|chr7:6615337-6615637|chr7:55887455-55887755|chr7:65873087-65873387|chr7:97005958-97006258|chr7:100673664-100673965|chr7:100694148-100694470|chr7:105014000-105014313|chr8:22692805-22693105|chr8:22693199-22693512|chr8:42896590-42896890|chr8:60678610-60678920|chr8:104588814-104589114|chr8:144336734-144337034|chr9:34958072-34958372|chr9:97854262-97854562|chr10:21516940-21517245|chr10:50991156-50991456|chr10:75401189-75401489|chr10:77637429-77637729|chr10:131900870-131901172|chr11:119206135-119206435|chr12:7628556-7628856|chr12:53955208-53955508|chr12:112381937-112382237|chr12:112382177-112382477|chr12:124567440-124567741|chr13:71866355-71866655|chr13:99970249-99970549|chr13:99985298-99985598|chr14:70907656-70907958|chr14:92719105-92719430|chr14:101761525-101761825|chr15:40358083-40358383|chr16:24729517-24729832|chr16:25692150-25692463|chr16:72787544-72787847|chr16:72957647-72957947|chr17:32142301-32142601|chr17:32486857-32487157|chr17:40219212-40219512|chr17:41865173-41865473|chr17:66302179-66302479|chr17:77958933-77959233|chr18:33578308-33578608|chr19:1354838-1355138|chr19:1407466-1407782|chr19:1567847-1568147|chr19:1568121-1568421|chr19:2015389-2015703|chr19:10871413-10871748|chr19:15332346-15332646|chr19:45973233-45973533|chr20:32277548-32277850|chr20:47785285-47785585|chr21:8258807-8259107|chr21:8397619-8397919|chr22:43862232-43862532|chrUn_GL000220v1:114046-114346|chrX:16946587-16946888|chrX:19990768-19991077|chrX:23334599-23334902|chrX:50812986-50813286|chrX:67546355-67546663|chrX:75746919-75747228|chrX:148500454-148500799|chrX:149631556-149631879|chrX:150983247-150983548,chr1:21502577-21502877|chr1:21502905-21503217|chr1:22469464-22469765|chr1:109102576-109102876|chr2:37383905-37384205|chr2:73496430-73496730|chr2:87141256-87141705|chr2:87141654-87141956|chr2:90448399-90448699|chr2:105471728-105472028|chr2:105472125-105472429|chr2:105473340-105473699|chr2:110517829-110518129|chr2:110552011-110552311|chr2:175202024-175202324|chr2:176972253-176972553|chr2:211035861-211036169|chr2:225449729-225450029|chr3:9439185-9439485|chr3:47517164-47517464|chr3:62358046-62358346|chr3:71802648-71802948|chr3:74663434-74663739|chr3:129323959-129324259|chr4:2060955-2061256|chr5:443184-443508|chr5:14487463-14487763|chr5:60628452-60628753|chr5:131593199-131593499|chr5:133707013-133707313|chr5:139493705-139494005|chr5:141257827-141258127|chr5:176981339-176981639|chr6:34857152-34857452|chr6:45390335-45390636|chr6:118228190-118228500|chr6:170123889-170124193|chr7:6654967-6655268|chr7:20824884-20825184|chr7:55955143-55955443|chr7:62574649-62574949|chr7:63642247-63642547|chr7:96635270-96635570|chr7:100271287-100271587|chr7:100291773-100292091|chr7:104654448-104654751|chr7:130418777-130419077|chr7:143059704-143060004|chr8:22550708-22551012|chr8:42751733-42752033|chr8:61591169-61591480|chr8:105601042-105601342|chr9:72287041-72287341|chr9:79634913-79635213|chr9:79635076-79635376|chr9:100616544-100616844|chr10:21805869-21806169|chr10:52750916-52751216|chr10:77160947-77161247|chr10:92922473-92922773|chr10:99789097-99789397|chr12:7781143-7781443|chr12:125051986-125052286|chr13:100622511-100622811|chr13:100637551-100637856|chr14:71374368-71374677|chr14:93185452-93185752|chr15:40650286-40650586|chr15:71146426-71146726|chr16:24740839-24741153|chr16:25703476-25703785|chr16:49889266-49889566|chr16:67062934-67063234|chr16:72821443-72821743|chr16:79632939-79633239|chr17:21187933-21188233|chr17:30469315-30469615|chr17:30813875-30814178|chr17:38375464-38375775|chr17:54670580-54670880|chr18:15010308-15010608|chr18:31158272-31158572|chr19:1407465-1407768|chr19:1568120-1568420|chr19:2015389-2015689|chr19:10982089-10982424|chr19:15443157-15443457|chr19:46000067-46000367|chr20:30865351-30865651|chr20:35374330-35374630|chr22:47774893-47775193|chrUn_gl000220:114041-114348|chrUn_gl000220:158013-158316|chrX:20008886-20009190|chrX:23352717-23353021|chrX:50555986-50556286|chrX:66766202-66766504|chrX:74966754-74967059|chrX:135579348-135579648|chrX:147581974-147582320|chrX:150151720-150152030
FRAXE,chr1:21176413-21176717|chr1:22142971-22143271|chr1:31937913-31938213|chr1:212951324-212951624|chr2:73269299-73269601|chr2:86914132-86914580|chr2:86914532-86914833|chr2:90325233-90325593|chr2:104855270-104855570|chr2:104855447-104855747|chr2:104855668-104855968|chr2:104856922-104857237|chr2:109760253-109760553|chr2:111120816-111121116|chr2:174337296-174337605|chr2:176092909-176093209|chr2:176107525-176107829|chr2:202376021-202376321|chr2:210171145-210171445|chr2:224585012-224585313|chr3:45225000-45225300|chr3:74614283-74614589|chr4:2059223-2059523|chr4:146639155-146639455|chr5:443067-443378|chr5:6448573-6448873|chr5:61332624-61332934|chr5:132257506-132257807|chr5:141878262-141878562|chr6:45422599-45422902|chr6:73262889-73263189|chr6:117907023-117907333|chr7:19116895-19117195|chr7:20785171-20785471|chr7:55887455-55887755|chr7:64181869-64182169|chr7:65873097-65873397|chr7:97005958-97006258|chr7:100673663-100673964|chr7:100694149-100694471|chr7:105014000-105014303|chr7:130734017-130734317|chr8:42896590-42896898|chr8:60678611-60678921|chr8:104588814-104589114|chr8:144336734-144337034|chr9:63450333-63450633|chr9:97854261-97854563|chr10:21516940-21517242|chr10:99535286-99535586|chr10:131900870-131901170|chr12:45729515-45729815|chr12:53955207-53955507|chr12:124567440-124567740|chr13:99970253-99970553|chr14:56118459-56118759|chr14:70907650-70907960|chr14:77027149-77027449|chr14:92719107-92719416|chr15:31483851-31484151|chr15:40358080-40358383|chr16:24729516-24729833|chr16:25692150-25692459|chr16:72787544-72787851|chr16:79599036-79599342|chr16:87492757-87493057|chr17:32486857-32487157|chr18:33578308-33578608|chr18:57435692-57435992|chr19:1407466-1407769|chr19:2015391-2015691|chr19:10871413-10871749|chr19:45973302-45973602|chr20:32277548-32277851|chrUn_GL000220v1:158016-158316|chrX:19990768-19991078|chrX:23334599-23334900|chrX:50812986-50813286|chrX:67546355-67546664|chrX:75746919-75747219|chrX:147911899-147912216|chrX:149631561-149631880|chrX:150983242-150983548,chr1:21502906-21503218|chr1:22469465-22469767|chr1:32936488-32936788|chr1:84543600-84543924|chr2:39347962-39348262|chr2:73496429-73496729|chr2:87141256-87141701|chr2:87141654-87141954|chr2:90448399-90448699|chr2:91997785-91998085|chr2:105472126-105472426|chr2:105472385-105472685|chr2:105473344-105473644|chr2:110517821-110518121|chr2:111878393-111878693|chr2:119603946-119604246|chr2:175202024-175202337|chr2:211035861-211036169|chr2:225449729-225450029|chr3:28617308-28617608|chr3:74663434-74663737|chr4:2060950-2061253|chr4:147560306-147560606|chr5:443182-443494|chr5:60628453-60628756|chr5:131593200-131593500|chr5:141257827-141258127|chr5:176981357-176981657|chr6:45390334-45390640|chr6:117002126-117002426|chr6:118228190-118228498|chr6:130340971-130341271|chr7:6654968-6655268|chr7:20824789-20825089|chr7:55955141-55955447|chr7:100271287-100271589|chr7:100291772-100292118|chr7:104654448-104654757|chr8:22550712-22551030|chr8:42751733-42752045|chr8:61591173-61591480|chr8:105601039-105601342|chr8:145560394-145560696|chr9:79634911-79635211|chr9:100616544-100616846|chr9:133454872-133455180|chr10:21805658-21805958|chr10:21805868-21806169|chr10:101295043-101295343|chr10:126605590-126605890|chr11:63684289-63684589|chr11:66512134-66512434|chr12:26275065-26275365|chr12:56137034-56137334|chr12:111471624-111471924|chr12:125051986-125052286|chr13:72440449-72440749|chr13:100637552-100637852|chr14:71374367-71374677|chr14:93185452-93185767|chr15:56299344-56299644|chr16:3930333-3930633|chr16:24740839-24741153|chr16:25703476-25703788|chr16:72821443-72821747|chr16:79632939-79633239|chr16:87526364-87526664|chr17:30469309-30469609|chr17:30813875-30814175|chr17:38375464-38375764|chr17:64298300-64298600|chr18:19321339-19321639|chr18:31158271-31158573|chr19:1407464-1407768|chr19:10982089-10982428|chr19:34663194-34663494|chr19:46000068-46000368|chr20:21377618-21377918|chr20:30865351-30865651|chr20:35374332-35374632|chrUn_gl000220:114044-114346|chrUn_gl000220:158016-158316|chrX:20008886-20009190|chrX:23352716-23353019|chrX:50555985-50556285|chrX:66766203-66766508|chrX:74966753-74967054|chrX:146993412-146993732|chrX:150151720-150152026
FRDA,chr1:101657703-101658080|chr2:2236606-2236911|chr2:26588841-26589141|chr2:48564259-48564586|chr2:49127588-49127954|chr2:118572469-118572780|chr2:124706984-124707284|chr2:198620493-198620793|chr2:220546031-220546440|chr2:238295111-238295411|chr3:2287482-2287782|chr3:13856662-13856962|chr3:46182438-46182745|chr3:52781058-52781358|chr3:55719974-55720274|chr3:141478681-141478995|chr4:11454867-11455167|chr4:110593881-110594239|chr4:124490814-124491121|chr4:140999842-141000151|chr4:153244169-153244469|chr4:156013727-156014055|chr4:164864161-164864461|chr5:38134191-38134491|chr5:122768397-122768697|chr5:127247167-127247517|chr6:7025726-7026026|chr6:26748165-26748498|chr6:29722624-29722924|chr6:50708080-50708380|chr6:57791606-57791958|chr6:103205074-103205374|chr6:160584016-160584316|chr7:20765170-20765470|chr7:37848024-37848400|chr7:47388856-47389156|chr7:84690964-84691281|chr7:101073195-101073495|chr7:121047495-121047815|chr7:140228534-140228843|chr8:27501170-27501470|chr8:116389980-116390280|chr8:124865125-124865471|chr8:136353636-136353971|chr9:91634721-91635021|chr9:112525768-112526078|chr9:119338559-119338859|chr10:21227513-21227815|chr10:32115111-32115411|chr10:43729774-43730074|chr10:48787728-48788056|chr11:57403365-57403695|chr11:123317996-123318296|chr11:126922960-126923272|chr11:131789282-131789675|chr11:132710519-132710820|chr12:39653347-39653653|chr12:52918037-52918337|chr12:104021702-104022063|chr13:28587230-28587530|chr13:33499339-33499681|chr13:102161419-102161781|chr14:20522513-20522813|chr14:38430927-38431227|chr15:35801517-35801846|chr15:38681123-38681423|chr15:61059757-61060057|chr15:69322503-69322837|chr15:96554669-96554969|chr16:3944434-3944734|chr16:20717806-20718106|chr16:47942309-47942609|chr16:52024771-52025071|chr16:71832043-71832394|chr17:39644518-39644818|chr18:5957888-5958216|chr20:336085-336385|chr20:13848407-13848723|chr20:22538715-22539053|chrUn_GL000220v1:101901-102201|chrX:30539805-30540105|chrX:51621352-51621726|chrX:102412349-102412649|chrY:17311101-17311401|chrY:24024122-24024449|chrY:25645532-25645912,chr1:17518162-17518462|chr1:102123260-102123630|chr1:207580575-207580875|chr1:233474821-233475121|chr2:2240378-2240683|chr2:26811699-26811999|chr2:48791393-48791719|chr2:49354727-49355094|chr2:119330047-119330361|chr2:173102439-173102754|chr2:198761680-198761980|chr2:199485213-199485514|chr2:221410752-221411178|chr3:2329163-2329484|chr3:3326373-3326673|chr3:13898162-13898462|chr3:35709303-35709603|chr3:46223926-46224253|chr3:52815069-52815369|chr3:55753998-55754298|chr3:84958009-84958309|chr3:141197538-141197850|chr3:165068208-165068508|chr4:107779911-107780227|chr4:111515022-111515382|chr4:141920981-141921299|chr4:154165323-154165637|chr4:156934879-156935196|chr5:68309591-68309891|chr5:84766945-84767245|chr5:126582858-126583232|chr6:3550326-3550626|chr6:16099603-16099903|chr6:24029786-24030086|chr6:50675790-50676164|chr6:58140664-58141026|chr6:154284132-154284432|chr6:157218201-157218501|chr6:161005048-161005348|chr7:37887623-37888022|chr7:81936025-81936325|chr7:84320273-84320608|chr7:85795274-85795574|chr7:100716476-100716779|chr7:118949766-118950066|chr7:120687550-120687869|chr7:139928334-139928642|chr8:27358687-27358987|chr8:73123686-73123986|chr8:117402211-117402511|chr8:125877380-125877716|chr8:137365879-137366230|chr9:21124140-21124536|chr9:115288047-115288358|chr10:8723257-8723557|chr10:26042126-26042439|chr10:33117212-33117512|chr11:20621716-20622021|chr11:116026283-116026583|chr11:131659254-131659554|chr11:132580415-132580716|chr12:5041573-5041873|chr12:95825539-95825853|chr12:104415495-104415834|chr12:126496384-126496684|chr13:34073476-34073816|chr13:102813771-102814116|chr14:20990660-20990960|chr14:44474333-44474633|chr14:85404261-85404561|chr15:36093718-36094018|chr15:38973312-38973616|chr16:3994435-3994735|chr16:20729128-20729428|chr16:22970888-22971199|chr16:24261473-24261773|chr16:47976220-47976520|chr16:52058643-52058961|chr16:71865949-71866282|chr17:11140704-11141004|chr18:5957906-5958233|chr20:13829051-13829370|chr20:22519363-22519663|chr22:37227628-37227928|chrX:18118704-18119004|chrX:49471002-49471302|chrX:51364204-51364576|chrX:81315977-81316277|chrX:145434144-145434444|chrX:153900369-153900729|chrY:8333369-8333689|chrY:15752480-15752780|chrY:26170273-26170590|chrY:26879875-26880175|chrY:27791698-27792099
HD,chr1:11858703-11859007|chr1:53327685-53327989|chr1:81501631-81501931|chr1:154869572-154869874|chr2:29569131-29569431|chr2:99601386-99601686|chr2:116039684-116039984|chr2:122663752-122664067|chr2:148021300-148021600|chr2:190880721-190881021|chr3:56788868-56789168|chr3:65439735-65440039|chr4:48653657-48653957|chr4:78870833-78871133|chr4:85749794-85750094|chr4:86747382-86747685|chr4:139889753-139890053|chr4:141512023-141512327|chr5:44958416-44958730|chr5:138594082-138594382|chr5:140042755-140043055|chr5:146878573-146878874|chr5:166979017-166979345|chr6:16327481-16327844|chr6:41690930-41691230|chr6:45422527-45422831|chr6:90296634-90296934|chr6:104019165-104019468|chr6:136038033-136038333|chr6:170561756-170562091|chr7:7673158-7673458|chr7:76486695-76486995|chr7:122288036-122288347|chr8:8606709-8607009|chr8:99515211-99515511|chr9:20414126-20414495|chr9:24301073-24301393|chr9:38424216-38424516|chr9:138216927-138217227|chr10:75616090-75616390|chr10:75972871-75973171|chr11:96092043-96092344|chr12:6667754-6668054|chr12:6936566-6936872|chr12:65563562-65563862|chr12:111598796-111599118|chr12:132062373-132062698|chr13:70139233-70139533|chr13:71866163-71866463|chr13:107866149-107866449|chr14:38441366-38441666|chr14:64851316-64851616|chr14:77027265-77027565|chr15:72103262-72103562|chr15:86931416-86931716|chr15:89333429-89333729|chr15:99712350-99712650|chr16:24776904-24777204|chr16:50153339-50153639|chr16:56815702-56816035|chr16:67842712-67843012|chr16:73546512-73546825|chr16:90102133-90102433|chr17:3594004-3594304|chr17:4887520-4887821|chr17:10995557-10995864|chr17:17793629-17793929|chr17:19030076-19030376|chr17:32258676-32258976|chr17:50690463-50690767|chr17:51831515-51831817|chr18:51767719-51768019|chr18:55585994-55586324|chr19:13207708-13208012|chr19:40667810-40668110|chr19:45770053-45770355|chr20:47650920-47651220|chr22:20564467-20564767|chr22:27798746-27799059|chr22:27799464-27799764|chrX:21367063-21367380|chrX:21374444-21374748|chrX:24364090-24364407|chrX:48957570-48957870|chrX:67545157-67545466|chrX:68912979-68913291|chrX:72027826-72028126|chrX:111270238-111270542,chr1:11918761-11919069|chr1:53793357-53793657|chr1:153907122-153907422|chr2:100217845-100218148|chr2:123421328-123421630|chr2:184269051-184269351|chr2:191745446-191745748|chr3:197060668-197060968|chr4:79791932-79792291|chr4:86670948-86671248|chr4:87668536-87668840|chr4:140810907-140811207|chr4:142433176-142433477|chr5:44958518-44958821|chr5:137929770-137930071|chr5:146258137-146258437|chr5:166406029-166406354|chr6:16327705-16328056|chr6:99282970-99283270|chr6:104467039-104467344|chr6:146755903-146756203|chr6:170870843-170871177|chr7:7712789-7713090|chr7:96635213-96635513|chr7:121928096-121928411|chr7:123672306-123672606|chr8:8464219-8464519|chr8:134067916-134068216|chr9:2039614-2039914|chr9:20414126-20414493|chr9:24301077-24301384|chr10:77732629-77732929|chr11:95825181-95825516|chr12:6776912-6777212|chr12:7045729-7046029|chr12:65957340-65957644|chr12:112036600-112036920|chr12:132546918-132547218|chr13:36050282-36050582|chr13:72440293-72440593|chr13:108518493-108518797|chr15:72395399-72395699|chr15:90744729-90745029|chr15:100252559-100252861|chr16:24788215-24788525|chr16:50187249-50187549|chr16:51175499-51175799|chr16:56849619-56849946|chr16:67876628-67876950|chr16:73580411-73580721|chr16:87637741-87638041|chr16:90168541-90168844|chr17:3497297-3497597|chr17:4790815-4791115|chr17:10898870-10899179|chr17:19398570-19398870|chr17:40863757-40864057|chr17:48767825-48768126|chr17:49908871-49909187|chr18:53253225-53253540|chr19:13318524-13318824|chr19:41173709-41174009|chr19:46273311-46273611|chr19:47401881-47402181|chr20:46279663-46279964|chr22:28194730-28195068|chrX:21385181-21385499|chrX:21392562-21392862|chrX:24382207-24382530|chrX:41376867-41377169|chrX:66765005-66765310|chrX:68132822-68133122|chrX:70360460-70360760|chrX:71247676-71247976|chrX:150933961-150934261
HDL,chr1:11858704-11859007|chr1:53327685-53327985|chr1:151706081-151706381|chr1:154869572-154869872|chr2:99601386-99601686|chr2:122663753-122664056|chr2:152676485-152676785|chr2:190880721-190881021|chr3:65439752-65440052|chr3:114609908-114610208|chr3:116445334-116445634|chr3:197333791-197334091|chr3:198153107-198153407|chr4:48653657-48653960|chr4:78870778-78871078|chr4:85749797-85750097|chr4:86747380-86747683|chr4:120641932-120642232|chr4:139889753-139890059|chr4:141512023-141512333|chr5:44958419-44958719|chr5:71958293-71958593|chr5:138594094-138594394|chr5:146878574-146878874|chr5:166979021-166979330|chr6:16327481-16327820|chr6:104019164-104019473|chr6:136038033-136038333|chr6:156897030-156897330|chr6:170561756-170562110|chr7:7673157-7673457|chr7:122288042-122288354|chr8:8606709-8607009|chr8:105074762-105075062|chr9:2039612-2039926|chr9:20414126-20414480|chr9:24301096-24301396|chr10:75616084-75616384|chr10:75972871-75973171|chr11:114821696-114821996|chr12:65563562-65563862|chr12:111598796-111599102|chr12:132062373-132062675|chr13:35476145-35476446|chr13:71866162-71866462|chr13:106714596-106714896|chr13:107866149-107866449|chr14:77027268-77027568|chr15:86931416-86931716|chr15:99712356-99712656|chr16:24776904-24777204|chr16:56815703-56816022|chr16:67842717-67843017|chr16:73546510-73546822|chr16:90102130-90102435|chr17:4887520-4887820|chr17:10995554-10995862|chr17:50690463-50690766|chr17:51831516-51831819|chr17:55238895-55239195|chr18:55585994-55586308|chr19:13207708-13208017|chr19:46898635-46898935|chr22:27798742-27799066|chrX:8795136-8795436|chrX:21367061-21367369|chrX:21374445-21374745|chrX:24364090-24364413|chrX:41517613-41517921|chrX:67545163-67545468|chrX:72027826-72028128|chrX:151765489-151765789,chr1:11918761-11919061|chr1:53793357-53793661|chr1:154842049-154842349|chr2:100217848-100218148|chr2:123421329-123421632|chr2:191745443-191745747|chr2:227663918-227664218|chr3:65425416-65425716|chr3:149484453-149484755|chr4:3076452-3076753|chr4:48655674-48655977|chr4:79791932-79792286|chr4:86670948-86671248|chr4:87668536-87668836|chr4:140810488-140810788|chr4:140810907-140811207|chr4:142433176-142433480|chr5:44958518-44958818|chr5:137929770-137930081|chr5:146258137-146258437|chr5:166406029-166406353|chr6:16327705-16328061|chr6:45390268-45390568|chr6:104467040-104467352|chr6:170870844-170871201|chr7:7712788-7713090|chr7:121928084-121928415|chr8:100527439-100527739|chr8:103745496-103745796|chr8:134067916-134068216|chr9:2039612-2039918|chr9:20414124-20414474|chr9:24301071-24301372|chr10:77375842-77376142|chr10:77732629-77732929|chr11:65325175-65325475|chr11:95825200-95825506|chr12:7045732-7046032|chr12:65957342-65957642|chr12:112036600-112036915|chr12:132546918-132547224|chr13:36050282-36050587|chr13:68230804-68231104|chr13:70713374-70713674|chr13:72440262-72440562|chr13:99631229-99631529|chr13:107366943-107367245|chr13:108518497-108518797|chr14:77493603-77493911|chr16:24788218-24788525|chr16:50187250-50187552|chr16:56849620-56849962|chr16:67876614-67876957|chr16:73580411-73580715|chr16:90168541-90168843|chr17:4790815-4791115|chr17:10898871-10899179|chr17:40863757-40864057|chr17:48767828-48768128|chr17:49908874-49909206|chr18:53253228-53253544|chr19:13318525-13318826|chr22:28194730-28195030|chrX:21385181-21385492|chrX:21392562-21392862|chrX:24382207-24382535|chrX:41376872-41377172|chrX:66765002-66765308|chrX:68132822-68133122|chrX:71247676-71247976|chrX:92927943-92928243|chrX:118167457-118167757|chrX:135849843-135850143|chrX:150933961-150934261
ULD,chr1:173477032-173477332|chr8:1763244-1763678|chr8:145052109-145052428|chr16:164626-165058|chr17:53758206-53758506|chr19:676161-676462,chr1:173446171-173446471|chr8:1711404-1711822|chr8:146277500-146277828|chr10:45455004-45455304|chr14:37051712-37052012|chr15:40150884-40151184|chr16:214625-215055|chr19:676161-676463
OPMD,,chr3:143535977-143536277|chr12:87257632-87257932|chrX:70550747-70551047
SBMA,chr1:11858704-11859004|chr1:53327685-53327985|chr1:154869572-154869872|chr1:209432141-209432441|chr2:16239386-16239686|chr2:99601386-99601687|chr2:116039682-116039982|chr2:122663752-122664069|chr2:190880721-190881022|chr3:56788867-56789168|chr3:149766667-149766967|chr3:197333791-197334091|chr3:198153105-198153405|chr4:48653657-48653959|chr4:74299237-74299537|chr4:85749795-85750095|chr4:86747380-86747686|chr4:139889753-139890084|chr4:141512027-141512333|chr5:44958416-44958716|chr5:138594081-138594389|chr5:146878574-146878874|chr5:166979024-166979359|chr6:16327480-16327844|chr6:104019163-104019472|chr6:146434767-146435067|chr6:170561756-170562112|chr7:7673158-7673464|chr7:63572766-63573066|chr7:122288039-122288357|chr8:8606709-8607009|chr8:99515211-99515511|chr9:2039614-2039914|chr9:20414124-20414464|chr9:24301073-24301377|chr9:38354729-38355029|chr9:138216927-138217227|chr10:75972871-75973171|chr10:110005824-110006124|chr11:96092036-96092345|chr12:6936568-6936881|chr12:49032796-49033096|chr12:65563562-65563863|chr12:111598796-111599105|chr12:132062373-132062673|chr13:70139233-70139533|chr13:71866161-71866461|chr13:106714595-106714895|chr13:107866149-107866449|chr14:77027266-77027568|chr16:24776904-24777204|chr16:34146083-34146383|chr16:50153338-50153638|chr16:51141591-51141891|chr16:51349687-51349987|chr16:56815709-56816029|chr16:67842712-67843012|chr16:73546510-73546820|chr16:90102133-90102435|chr17:4887520-4887820|chr17:10995560-10995862|chr17:50690464-50690766|chr17:51831516-51831824|chr17:77639612-77639912|chr18:55585997-55586307|chr19:13207708-13208016|chr20:23335170-23335470|chr20:30904349-30904649|chr20:47650920-47651220|chr22:23695286-23695586|chr22:27798742-27799057|chr22:27799464-27799764|chrX:21367063-21367376|chrX:21374445-21374745|chrX:24364088-24364412|chrX:41517614-41517914|chrX:68912964-68913291|chrX:72027828-72028128|chrX:93672959-93673259|chrX:111270239-111270543,chr1:11918761-11919061|chr1:53793357-53793657|chr1:72748471-72748771|chr1:153907122-153907422|chr1:154842048-154842348|chr1:209605486-209605786|chr2:16420654-16420954|chr2:100217848-100218148|chr2:123421329-123421633|chr2:191745447-191745751|chr2:229152576-229152876|chr2:237962938-237963238|chr3:65425410-65425717|chr3:149484453-149484754|chr3:171241931-171242231|chr4:48655674-48655975|chr4:86670949-86671249|chr4:87668532-87668836|chr4:102268328-102268628|chr4:140810907-140811207|chr4:142433176-142433476|chr5:44958518-44958818|chr5:137929770-137930087|chr5:139422338-139422638|chr5:146258137-146258437|chr5:166406027-166406352|chr6:16327712-16328059|chr6:42897202-42897502|chr6:45390268-45390568|chr6:104467039-104467349|chr6:149674217-149674517|chr6:170870843-170871180|chr7:7712789-7713089|chr7:63033150-63033450|chr7:96635213-96635513|chr7:121928096-121928413|chr8:100527439-100527745|chr8:134067916-134068221|chr9:2039614-2039932|chr9:20414119-20414467|chr9:24301071-24301390|chr9:38354711-38355011|chr9:116187490-116187790|chr10:77375842-77376153|chr10:77732629-77732931|chr11:93021403-93021703|chr11:95825089-95825389|chr12:49426605-49426905|chr12:65957342-65957644|chr12:80367578-80367878|chr12:112036600-112036905|chr12:132546918-132547243|chr13:36050282-36050589|chr13:72440290-72440590|chr13:108518497-108518829|chr14:77493605-77493915|chr15:89411131-89411431|chr16:24788225-24788525|chr16:50187249-50187549|chr16:51149738-51150038|chr16:51383592-51383892|chr16:56849621-56849941|chr16:73580411-73580715|chr16:90168540-90168849|chr17:3497297-3497597|chr17:4790815-4791115|chr17:10898878-10899179|chr17:40863757-40864057|chr17:48767825-48768126|chr17:49908876-49909178|chr18:53253225-53253540|chr19:13318526-13318832|chr20:46279664-46279965|chr22:28194730-28195066|chrX:20693246-20693546|chrX:21385180-21385497|chrX:24382205-24382522|chrX:41376868-41377172|chrX:48489910-48490210|chrX:68132822-68133122|chrX:71247676-71247976|chrX:92927964-92928264|chrX:97117869-97118169|chrX:150933961-150934261
SCA1,chr1:11858704-11859004|chr1:53327685-53327985|chr1:154869572-154869872|chr2:99601386-99601686|chr2:116039682-116039982|chr2:122663753-122664055|chr2:152676485-152676785|chr2:190880721-190881038|chr3:65439735-65440050|chr3:149766666-149766966|chr3:197333797-197334097|chr4:48653657-48653957|chr4:78870775-78871075|chr4:85749796-85750096|chr4:86747383-86747692|chr4:139889752-139890052|chr4:141512022-141512323|chr4:188270685-188270985|chr5:44958416-44958716|chr5:138594081-138594398|chr5:146878574-146878874|chr5:166979024-166979345|chr6:45422527-45422831|chr6:98835094-98835394|chr6:104019165-104019471|chr6:170561755-170562123|chr7:6621935-6622235|chr7:7673160-7673460|chr7:122288041-122288345|chr8:9190473-9190773|chr8:102733268-102733568|chr8:105074762-105075062|chr9:20414127-20414496|chr9:24301073-24301396|chr9:38354714-38355014|chr10:14825950-14826250|chr10:75616084-75616384|chr10:75972871-75973171|chr11:96092029-96092342|chr11:110430948-110431248|chr12:6936566-6936866|chr12:65563562-65563862|chr12:102958241-102958541|chr12:111598796-111599108|chr12:132062373-132062701|chr13:71866130-71866430|chr13:106714597-106714897|chr13:107866149-107866467|chr14:77027265-77027565|chr15:86931417-86931717|chr15:99712356-99712656|chr16:24776904-24777210|chr16:51349690-51349990|chr16:56815702-56816031|chr16:67842712-67843037|chr16:73546512-73546822|chr16:90102133-90102434|chr17:3594003-3594303|chr17:4887520-4887820|chr17:10995562-10995862|chr17:19495242-19495542|chr17:50690464-50690765|chr17:51831516-51831817|chr17:77639612-77639912|chr18:55585997-55586310|chr18:67960174-67960474|chr19:13207708-13208017|chr19:45770051-45770353|chr20:47650920-47651220|chr22:27798763-27799068|chrX:21367063-21367371|chrX:21374446-21374746|chrX:24364089-24364394|chrX:67545163-67545466|chrX:68912970-68913270|chrX:71140641-71140941|chrX:72027825-72028126,chr1:11918761-11919066|chr1:34805881-34806181|chr1:53793357-53793657|chr1:154842048-154842349|chr2:100217848-100218148|chr2:123421328-123421633|chr2:127489206-127489506|chr2:184269046-184269370|chr2:191745447-191745747|chr2:233712059-233712359|chr3:56822896-56823196|chr3:65425410-65425710|chr3:149484455-149484755|chr4:48655675-48655979|chr4:87668536-87668843|chr4:140810907-140811208|chr4:142433176-142433477|chr5:137929771-137930079|chr5:146258137-146258437|chr5:166406029-166406360|chr6:99282968-99283268|chr6:104467038-104467342|chr6:136359171-136359471|chr6:170870843-170871207|chr7:7712789-7713089|chr7:96635213-96635513|chr7:121928093-121928401|chr8:106086987-106087287|chr9:2039604-2039928|chr9:16240744-16241044|chr9:20414124-20414493|chr9:24301071-24301393|chr9:38354717-38355017|chr10:77732628-77732929|chr10:111765582-111765882|chr11:95825200-95825500|chr12:7045742-7046042|chr12:65957342-65957642|chr12:80367578-80367878|chr12:92598979-92599279|chr12:112036600-112036915|chr13:36050288-36050588|chr13:72440262-72440590|chr13:108518497-108518797|chr13:110438698-110438998|chr14:77493609-77493911|chr15:33654464-33654764|chr15:100252561-100252861|chr16:24788225-24788525|chr16:50187249-50187549|chr16:56849620-56849938|chr16:67876615-67876926|chr16:73580411-73580720|chr17:4790815-4791115|chr17:10898878-10899179|chr17:17696946-17697246|chr17:48767825-48768125|chr17:49908876-49909180|chr18:53253228-53253540|chr19:13318522-13318829|chr19:46273311-46273611|chr20:46279664-46279966|chr22:28194731-28195062|chrX:21385181-21385485|chrX:21392563-21392863|chrX:24382207-24382523|chrX:41376870-41377170|chrX:66765005-66765309|chrX:68132822-68133122|chrX:71247676-71247977
SCA2,chr1:11858704-11859006|chr1:53327685-53327994|chr1:153934646-153934946|chr1:154869572-154869872|chr2:25843025-25843325|chr2:88627056-88627356|chr2:99601386-99601686|chr2:122663752-122664054|chr2:152676485-152676787|chr2:190880720-190881021|chr3:56788870-56789170|chr3:63912539-63912839|chr3:65439735-65440035|chr3:149766666-149766966|chr3:155980668-155980968|chr3:172307423-172307723|chr3:197333797-197334097|chr3:198153108-198153408|chr4:48653657-48653968|chr4:85749794-85750097|chr4:86747383-86747695|chr4:141512022-141512326|chr5:44958413-44958716|chr5:71958294-71958596|chr5:88489458-88489758|chr5:138594081-138594382|chr5:140042796-140043096|chr5:146878574-146878874|chr5:166979024-166979351|chr6:16327480-16327824|chr6:104019165-104019468|chr6:170561755-170562109|chr7:7673159-7673459|chr7:16646052-16646352|chr7:97005901-97006201|chr7:122288039-122288356|chr8:93568548-93568848|chr8:99515211-99515511|chr8:105074762-105075062|chr8:133055674-133055974|chr9:2039611-2039911|chr9:20414126-20414459|chr9:24301073-24301393|chr10:75616084-75616384|chr10:75972871-75973171|chr11:66070432-66070732|chr11:68312593-68312893|chr11:96092017-96092317|chr12:6936560-6936860|chr12:49033317-49033617|chr12:65563562-65563865|chr12:132062373-132062697|chr13:35476145-35476445|chr13:67656676-67656976|chr13:71866130-71866445|chr13:106714595-106714897|chr13:107866149-107866493|chr14:77027268-77027568|chr15:99712354-99712654|chr16:24776904-24777204|chr16:50153338-50153639|chr16:51349686-51349986|chr16:56815703-56816034|chr16:67842712-67843012|chr16:73546511-73546819|chr16:90102133-90102433|chr17:4887520-4887820|chr17:10995561-10995862|chr17:42711739-42712039|chr17:50690464-50690767|chr17:51831516-51831836|chr18:12359437-12359737|chr18:51767717-51768017|chr18:55585997-55586307|chr19:13207708-13208017|chr19:31279165-31279465|chr19:45770054-45770354|chr22:27798741-27799068|chrX:21367062-21367383|chrX:21374444-21374748|chrX:24364089-24364415|chrX:41517615-41517919|chrX:67545157-67545466|chrX:68912979-68913279|chrX:72027826-72028127|chrX:82060598-82060898|chrX:92332570-92332870|chrX:111270239-111270539|chrX:151765489-151765789,chr1:11918760-11919061|chr1:53793357-53793661|chr1:77334124-77334424|chr1:154842048-154842350|chr2:100217848-100218149|chr2:123421329-123421632|chr2:148778897-148779197|chr2:191745443-191745748|chr3:65425410-65425715|chr3:197060665-197060965|chr4:48655675-48655975|chr4:87668536-87668839|chr4:140810907-140811207|chr4:142433176-142433479|chr4:189191815-189192115|chr5:44958515-44958815|chr5:137929770-137930070|chr5:146258137-146258437|chr5:166406029-166406348|chr6:16327712-16328042|chr6:45390268-45390568|chr6:99282971-99283271|chr6:104467040-104467345|chr6:170870844-170871200|chr7:7712788-7713088|chr7:121928096-121928410|chr8:8464219-8464519|chr8:98532285-98532585|chr8:138709462-138709762|chr9:2039614-2039941|chr9:20414124-20414454|chr9:24301071-24301383|chr9:38354720-38355020|chr10:77732629-77732929|chr12:7045740-7046040|chr12:65957342-65957645|chr12:69729652-69729952|chr12:132546918-132547221|chr13:72440262-72440562|chr13:107366942-107367245|chr13:108518497-108518816|chr15:33654463-33654763|chr15:100252563-100252863|chr16:24788225-24788525|chr16:50187249-50187549|chr16:56849619-56849941|chr16:67876614-67876914|chr16:67913617-67913917|chr16:73580409-73580722|chr16:90168540-90168843|chr17:3497298-3497599|chr17:4790815-4791115|chr17:10898878-10899182|chr17:19398565-19398865|chr17:48767825-48768128|chr17:49908876-49909182|chr18:53253225-53253538|chr19:13318522-13318827|chr19:46273326-46273626|chr20:46279664-46279964|chr22:20920657-20920957|chr22:28194734-28195081|chr22:28195452-28195752|chrX:8763153-8763453|chrX:21385180-21385487|chrX:21392562-21392867|chrX:24329718-24330018|chrX:24382207-24382525|chrX:41376867-41377168|chrX:66765002-66765310|chrX:68132831-68133134|chrX:71247676-71247979|chrX:155239640-155239940
SCA3,chr1:11858704-11859010|chr1:53327685-53327989|chr1:81501631-81501931|chr1:153934645-153934946|chr1:154869576-154869876|chr1:167540234-167540534|chr1:209432138-209432438|chr2:16239386-16239686|chr2:91748900-91749200|chr2:99601387-99601687|chr2:122663753-122664058|chr2:190880720-190881022|chr2:196601556-196601856|chr2:232847349-232847649|chr3:65439735-65440035|chr3:125055670-125055970|chr3:149766668-149766968|chr3:197333791-197334099|chr4:48653657-48653960|chr4:78870775-78871078|chr4:85749797-85750097|chr4:86747380-86747687|chr4:139889334-139889634|chr4:139889753-139890063|chr4:141512023-141512323|chr5:44958416-44958716|chr5:124743700-124744000|chr5:138594080-138594396|chr5:166979023-166979356|chr6:16327475-16327823|chr6:45422559-45422859|chr6:104019165-104019477|chr6:170561755-170562104|chr7:35295-35595|chr7:7673157-7673459|chr7:63572767-63573067|chr7:122288042-122288357|chr8:60840689-60840989|chr8:99515211-99515511|chr8:105074762-105075062|chr8:133055674-133055974|chr9:2039618-2039935|chr9:20414126-20414477|chr9:24301073-24301385|chr9:38354714-38355014|chr10:75616089-75616389|chr10:75972871-75973171|chr11:96092017-96092345|chr12:1953005-1953305|chr12:6936566-6936872|chr12:65563562-65563863|chr12:111598796-111599105|chr12:132062372-132062708|chr13:35476143-35476444|chr13:70139224-70139535|chr13:71866130-71866430|chr13:107866149-107866460|chr14:38441366-38441666|chr14:77027261-77027561|chr15:33362264-33362564|chr15:43717980-43718280|chr15:86931416-86931716|chr15:99712357-99712657|chr16:2210428-2210728|chr16:24776904-24777204|chr16:50153338-50153638|chr16:56815708-56816038|chr16:67842712-67843012|chr16:73546510-73546826|chr16:83943648-83943948|chr16:90102130-90102434|chr17:4887520-4887820|chr17:10995560-10995862|chr17:50690463-50690765|chr17:51831516-51831820|chr18:55585994-55586310|chr19:13207711-13208011|chr20:47650920-47651220|chr22:27798742-27799063|chrX:9816426-9816726|chrX:21367063-21367381|chrX:21374444-21374744|chrX:24364089-24364412|chrX:67545157-67545476|chrX:68912979-68913279|chrX:71140588-71140947|chrX:72027826-72028131|chrX:111270239-111270539|chrX:136767684-136767984|chrX:151765489-151765792,chr1:11918761-11919062|chr1:35058908-35059208|chr1:53793357-53793661|chr1:67356416-67356716|chr1:90058673-90058973|chr2:70129472-70129772|chr2:100217848-100218148|chr2:123421328-123421635|chr2:191745447-191745747|chr3:65425410-65425710|chr3:149484455-149484755|chr3:188209196-188209496|chr3:197060668-197060968|chr4:48655677-48655977|chr4:79791987-79792287|chr4:86670948-86671250|chr4:87668535-87668845|chr4:125594521-125594821|chr4:140810488-140810788|chr4:140810907-140811217|chr5:44958521-44958821|chr5:87785278-87785578|chr5:137929770-137930082|chr5:146258137-146258437|chr5:166406029-166406359|chr6:16327711-16328035|chr6:45390264-45390587|chr6:99282970-99283270|chr6:104467040-104467342|chr6:157099253-157099553|chr6:157218170-157218470|chr6:170870843-170871201|chr7:7712788-7713089|chr7:121928096-121928410|chr7:123672304-123672604|chr8:100527439-100527739|chr8:106086990-106087290|chr8:134067919-134068219|chr9:2039614-2039914|chr9:20414124-20414502|chr9:38354714-38355014|chr10:19446193-19446493|chr10:77375840-77376142|chr10:77732629-77732944|chr10:103918843-103919143|chr11:95825181-95825500|chr12:7045730-7046035|chr12:65957341-65957642|chr12:112036597-112036922|chr12:132546917-132547222|chr13:36050281-36050582|chr13:107366942-107367246|chr13:108518497-108518814|chr14:77493603-77493911|chr15:87474647-87474947|chr15:100252561-100252861|chr16:24788225-24788525|chr16:29118552-29118852|chr16:50187249-50187549|chr16:51383597-51383897|chr16:56849615-56849942|chr16:67876615-67876915|chr16:67913616-67913916|chr16:73580409-73580736|chr16:87637738-87638038|chr16:90168539-90168843|chr17:3497298-3497598|chr17:4790815-4791115|chr17:10898877-10899179|chr17:19398566-19398866|chr17:30585695-30585995|chr17:48767826-48768126|chr17:49908876-49909186|chr18:49294087-49294387|chr18:53253228-53253543|chr19:13318522-13318826|chr19:14526523-14526823|chr20:46279664-46279964|chr22:28194729-28195069|chr22:40982739-40983039|chrX:21385181-21385494|chrX:21392562-21392866|chrX:24382207-24382531|chrX:41376868-41377168|chrX:66765004-66765310|chrX:68132822-68133128|chrX:71247675-71247977|chrX:150933961-150934261|chrY:59342646-59342946
SCA6,chr1:11858704-11859004|chr1:53327685-53327985|chr1:81501640-81501940|chr1:154869570-154869872|chr2:116039682-116039982|chr2:122663750-122664057|chr2:190880717-190881021|chr3:65439734-65440034|chr3:149766671-149766971|chr4:3074731-3075031|chr4:48653659-48653959|chr4:78870833-78871133|chr4:85749795-85750095|chr4:86747383-86747687|chr4:139889766-139890066|chr4:141512023-141512332|chr5:44958419-44958725|chr5:85677549-85677849|chr5:138594081-138594382|chr5:146878574-146878874|chr5:166979024-166979353|chr6:16327481-16327825|chr6:90296634-90296934|chr6:98835093-98835393|chr6:104019165-104019471|chr6:136038035-136038335|chr6:170561755-170562086|chr7:1280979-1281279|chr7:7673157-7673459|chr7:16646054-16646354|chr7:97005901-97006201|chr7:122288039-122288358|chr8:26056985-26057285|chr8:99515211-99515511|chr8:105074762-105075062|chr9:20414126-20414485|chr9:24301073-24301395|chr9:38354723-38355023|chr9:113425204-113425504|chr10:75972871-75973171|chr11:9091294-9091594|chr11:65557705-65558005|chr11:96092017-96092342|chr12:6936566-6936868|chr12:65563562-65563865|chr12:79973798-79974098|chr12:111598796-111599129|chr12:132062373-132062683|chr13:35476145-35476445|chr13:71866135-71866435|chr13:106714596-106714898|chr13:107866149-107866495|chr13:109786351-109786651|chr14:77027262-77027570|chr15:89333438-89333738|chr15:99712356-99712657|chr16:24776904-24777204|chr16:50153338-50153638|chr16:56815706-56816028|chr16:67842726-67843026|chr16:73546510-73546814|chr16:90102131-90102435|chr17:4887520-4887820|chr17:10995560-10995862|chr17:17793629-17793943|chr17:19030077-19030377|chr17:42711739-42712039|chr17:49684045-49684345|chr17:50690463-50690767|chr17:51831516-51831817|chr18:55585997-55586311|chr20:47650920-47651220|chr22:27798749-27799079|chrX:21367063-21367375|chrX:21374444-21374744|chrX:24364090-24364417|chrX:41517614-41517914|chrX:67545162-67545466|chrX:68912979-68913279|chrX:72027826-72028129|chrX:111270239-111270539|chrX:151765489-151765789,chr1:11918761-11919062|chr1:53793357-53793657|chr1:112388885-112389185|chr1:153907121-153907421|chr1:154842048-154842348|chr1:209605482-209605782|chr2:16420654-16420954|chr2:100217848-100218149|chr2:123421329-123421634|chr2:191745446-191745748|chr2:237962941-237963241|chr3:149484453-149484753|chr3:197060663-197060981|chr4:48655674-48655974|chr4:87668536-87668843|chr4:140810907-140811207|chr4:142433176-142433480|chr5:44958521-44958821|chr5:87785275-87785575|chr5:137929770-137930083|chr5:166406029-166406355|chr6:16327712-16328037|chr6:45390268-45390568|chr6:104467040-104467340|chr6:136359171-136359471|chr6:146755901-146756203|chr6:170870844-170871196|chr7:7712789-7713091|chr7:96635213-96635513|chr7:121928096-121928411|chr8:8464219-8464519|chr8:65493861-65494161|chr8:106086990-106087290|chr8:134067914-134068214|chr9:20414124-20414493|chr9:24301071-24301371|chr10:77732629-77732929|chr11:81205586-81205886|chr11:95825200-95825533|chr12:7045729-7046041|chr12:65957341-65957646|chr12:76424766-76425066|chr12:112036600-112036911|chr12:132546915-132547218|chr13:36050282-36050582|chr13:68230805-68231105|chr13:70713360-70713660|chr13:72440293-72440593|chr13:107366943-107367246|chr13:108518497-108518845|chr14:77493605-77493911|chr15:72395424-72395757|chr16:79442-79742|chr16:24788225-24788525|chr16:50187248-50187548|chr16:56849614-56849948|chr16:67876615-67876940|chr16:73580411-73580714|chr16:90168540-90168843|chr17:4790815-4791115|chr17:10898877-10899179|chr17:36122632-36122932|chr17:48767825-48768128|chr17:49908876-49909177|chr18:53253225-53253541|chr19:46273311-46273611|chr19:47401881-47402181|chr20:46279664-46279970|chr22:28194730-28195034|chrX:21385181-21385493|chrX:21392562-21392870|chrX:24382205-24382533|chrX:41376870-41377170|chrX:66765005-66765306|chrX:68132822-68133122|chrX:71247676-71247978|chrX:92927937-92928260|chrX:97117871-97118171|chrX:149639476-149639776
SCA7,chr1:11858704-11859005|chr1:53327685-53327989|chr1:154869570-154869986|chr2:16239386-16239686|chr2:99601386-99601686|chr2:122663753-122664058|chr2:152676485-152676785|chr2:190880717-190881034|chr3:149766669-149766969|chr3:197333807-197334107|chr4:48653657-48653957|chr4:78870778-78871132|chr4:85749795-85750097|chr4:86747380-86747683|chr4:101347171-101347471|chr4:139889753-139890053|chr4:141512023-141512325|chr5:44958419-44958722|chr5:71958296-71958596|chr5:138594095-138594395|chr5:146878574-146878874|chr5:166979024-166979356|chr6:16327480-16327802|chr6:104019164-104019474|chr6:170561756-170562088|chr7:7673158-7673459|chr7:97418047-97418347|chr7:122288042-122288349|chr9:2039604-2039922|chr9:20414126-20414465|chr9:24301073-24301396|chr10:75972871-75973173|chr11:96092034-96092334|chr11:110430948-110431248|chr12:65563562-65563862|chr12:111598792-111599118|chr12:132062373-132062673|chr12:132606047-132606347|chr13:71866130-71866431|chr13:107866149-107866459|chr14:77027268-77027570|chr16:24776904-24777204|chr16:50153337-50153638|chr16:56815703-56816024|chr16:67842725-67843025|chr16:73546510-73546823|chr16:90102133-90102439|chr17:4887520-4887820|chr17:10995561-10995862|chr17:42711739-42712039|chr17:51831514-51831819|chr17:77639612-77639912|chr18:55585997-55586313|chr19:13207708-13208016|chr19:31279165-31279465|chr19:45770051-45770354|chr19:46898624-46898924|chr22:23695291-23695591|chr22:27798742-27799048|chrX:21367063-21367374|chrX:21374444-21374749|chrX:24364090-24364429|chrX:67545162-67545469|chrX:68912977-68913277|chrX:72027826-72028126|chrX:111270239-111270540,chr1:11918760-11919064|chr1:53793357-53793657|chr1:154842043-154842348|chr2:116797259-116797559|chr2:123421329-123421631|chr2:191745443-191745766|chr3:197060674-197060979|chr4:48655674-48655976|chr4:79791964-79792278|chr4:86670948-86671248|chr4:87668532-87668836|chr4:140810907-140811213|chr4:142433177-142433477|chr5:44958518-44958818|chr5:71254121-71254421|chr5:137929770-137930071|chr5:146258137-146258437|chr5:166406029-166406350|chr6:16327706-16328059|chr6:99282968-99283268|chr6:104467040-104467345|chr6:170870843-170871181|chr7:1320617-1320917|chr7:121928096-121928404|chr7:132851079-132851379|chr8:8464219-8464519|chr8:106086990-106087290|chr8:134067915-134068215|chr9:2039614-2039919|chr9:20414121-20414454|chr9:24301071-24301371|chr10:77375842-77376153|chr10:77732629-77732929|chr11:95825207-95825507|chr12:7045730-7046031|chr12:60556881-60557181|chr12:65957342-65957642|chr12:112036596-112036914|chr12:132546918-132547218|chr13:46751826-46752126|chr13:72440262-72440562|chr13:99631228-99631528|chr13:108518497-108518808|chr14:77493611-77493911|chr14:97906301-97906601|chr16:24788225-24788525|chr16:50187251-50187551|chr16:51383602-51383902|chr16:56849614-56849942|chr16:73580409-73580720|chr16:90168538-90168843|chr17:4790815-4791115|chr17:10898878-10899179|chr17:40863757-40864057|chr17:48767825-48768127|chr17:49908876-49909179|chr18:49294088-49294388|chr18:53253228-53253544|chr19:13318522-13318834|chr19:46273311-46273611|chr20:46279664-46279964|chr22:28194739-28195052|chrX:21385180-21385483|chrX:21392564-21392864|chrX:24382205-24382530|chrX:41376869-41377172|chrX:66764998-66765330|chrX:68132822-68133122|chrX:71247676-71247976|chrX:92927951-92928251|chrX:135849843-135850143|chrY:59342647-59342947
SCA8,chr1:11858703-11859004|chr1:53327685-53327989|chr1:154869571-154869872|chr2:99601386-99601686|chr2:122663753-122664057|chr2:190880720-190881039|chr3:56788868-56789168|chr3:197333799-197334099|chr4:48653657-48653960|chr4:78870801-78871101|chr4:85749797-85750097|chr4:86747383-86747683|chr4:139889753-139890059|chr4:141512023-141512328|chr5:11504101-11504401|chr5:44958416-44958716|chr5:138594079-138594392|chr5:140166876-140167176|chr5:166979024-166979351|chr6:16327481-16327810|chr6:82237400-82237700|chr6:90296632-90296932|chr6:98835095-98835395|chr6:104019163-104019475|chr6:136038039-136038339|chr6:170561756-170562108|chr7:7673158-7673458|chr7:122288042-122288355|chr8:8606709-8607009|chr8:9190474-9190774|chr8:23854555-23854855|chr8:99515211-99515511|chr8:105074762-105075062|chr8:133055671-133055971|chr9:2039614-2039914|chr9:20414125-20414503|chr9:24301073-24301396|chr10:14825945-14826245|chr10:75972871-75973171|chr11:48387424-48387724|chr12:6936560-6936898|chr12:65563562-65563867|chr12:111598793-111599101|chr12:132062373-132062673|chr13:35476145-35476448|chr13:49143825-49144125|chr13:106714595-106714898|chr13:107866145-107866493|chr14:73739072-73739372|chr14:77027265-77027565|chr16:24776904-24777204|chr16:50153338-50153638|chr16:56815703-56816018|chr16:73546511-73546819|chr16:90102130-90102434|chr17:4887520-4887820|chr17:10995561-10995865|chr17:51831511-51831819|chr18:51767735-51768035|chr18:55585997-55586334|chr19:13207708-13208015|chr19:31279156-31279456|chr19:45770059-45770359|chr19:46898624-46898924|chr20:1583712-1584021|chr20:47650920-47651220|chr22:27798742-27799053|chrX:21367063-21367378|chrX:21374444-21374755|chrX:24364088-24364501|chrX:41517618-41517918|chrX:67545157-67545468|chrX:68912979-68913279|chrX:72027825-72028125|chrX:151765489-151765789,chr1:11918761-11919061|chr1:35058945-35059245|chr1:53793357-53793657|chr1:70538109-70538409|chr1:154842048-154842348|chr2:15046065-15046365|chr2:100217848-100218148|chr2:123421329-123421636|chr2:164194864-164195164|chr2:191745443-191745746|chr3:63898211-63898512|chr3:65425410-65425710|chr3:156227012-156227312|chr3:165969055-165969355|chr4:3076464-3076764|chr4:48655674-48655974|chr4:79791930-79792265|chr4:87668536-87668842|chr4:140810907-140811207|chr4:142433176-142433483|chr5:44958518-44958818|chr5:62815644-62815944|chr5:71254121-71254421|chr5:137929768-137930071|chr5:146258137-146258437|chr5:166406029-166406354|chr6:16327711-16328037|chr6:45390270-45390570|chr6:45816221-45816521|chr6:82947117-82947417|chr6:99282968-99283268|chr6:104467038-104467348|chr6:136359178-136359478|chr6:170870843-170871179|chr7:7712789-7713091|chr7:96635213-96635513|chr7:121928096-121928408|chr8:9047986-9048286|chr8:48234021-48234321|chr8:134067914-134068214|chr9:2039608-2039912|chr9:20414121-20414462|chr9:24301071-24301393|chr10:25567930-25568230|chr10:77732629-77732929|chr11:36915499-36915799|chr11:37792594-37792894|chr11:93268801-93269101|chr11:95825200-95825511|chr12:7045727-7046027|chr12:65957342-65957649|chr12:103352019-103352319|chr12:112036600-112036907|chr12:132546918-132547218|chr13:36050282-36050582|chr13:72440262-72440563|chr13:107366943-107367246|chr13:108518497-108518808|chr14:92537204-92537504|chr15:55350998-55351298|chr16:24788225-24788525|chr16:50187251-50187551|chr16:51383600-51383900|chr16:56849619-56849938|chr16:67876616-67876916|chr16:73580411-73580724|chr16:90168539-90168843|chr17:3497298-3497598|chr17:4790815-4791115|chr17:10898878-10899179|chr17:30585694-30585994|chr17:48767828-48768128|chr17:49908876-49909179|chr18:53253228-53253544|chr20:1564358-1564669|chr20:46279669-46279969|chr22:28194729-28195052|chr22:28195452-28195752|chrX:8763160-8763460|chrX:21385181-21385490|chrX:24382205-24382531|chrX:66765002-66765308|chrX:68132822-68133134|chrX:71247676-71247977|chrX:112022326-112022626
SCA10,chr1:29700328-29700628|chr1:83013377-83013699|chr1:110079890-110080190|chr2:61684728-61685062|chr2:78664759-78665067|chr2:98298221-98298521|chr2:143555710-143556010|chr2:199149506-199149828|chr2:210174719-210175022|chr2:222178681-222178981|chr3:18900783-18901083|chr3:46319771-46320071|chr3:171848410-171848711|chr3:189875381-189875687|chr4:105561237-105561564|chr4:188620987-188621287|chr6:86653655-86653955|chr6:130308198-130308513|chr7:36271652-36271952|chr8:74087945-74088245|chr8:116615426-116615749|chr9:4871789-4872089|chr9:73430778-73431081|chr9:118926403-118926712|chr10:14048662-14048962|chr11:23710327-23710627|chr12:14317308-14317608|chr12:31777182-31777482|chr12:79984952-79985278|chr14:94591415-94591715|chr15:52596987-52597287|chr18:5566568-5566868|chr18:5972698-5973010|chr19:48003752-48004052|chr20:33544781-33545081|chr20:38708199-38708499|chr20:62095695-62095995|chr21:17031757-17032060|chr22:17866475-17866775|chrX:9791817-9792193|chrX:54068631-54068931,chr1:13860312-13860612|chr1:83479060-83479439|chr1:110622512-110622812|chr1:220143921-220144221|chr2:61911861-61912205|chr2:98914713-98915018|chr2:122009432-122009732|chr2:200014229-200014529|chr2:211039441-211039744|chr2:223043436-223043736|chr2:223914358-223914658|chr3:103992143-103992443|chr3:164253954-164254254|chr3:189593174-189593474|chr4:81163250-81163550|chr4:106482407-106482739|chr4:137244851-137245151|chr4:153122764-153123064|chr4:179418549-179418849|chr6:87363373-87363673|chr6:90198447-90198747|chr7:36311255-36311559|chr7:67739991-67740294|chr8:117627665-117627995|chr9:76045694-76045994|chr9:120581689-120581989|chr9:121688686-121688986|chr10:14090661-14090961|chr10:17348515-17348815|chr11:66218885-66219187|chr12:31930101-31930401|chr12:80378735-80379035|chr14:58381080-58381380|chr18:5566563-5566863|chr18:5972696-5973009|chr19:6569034-6569334|chr19:9710714-9711014|chr20:32132591-32132891|chr21:18404077-18404383|chrX:9759858-9760237|chrX:54095052-54095352
SCA12,chr1:11858704-11859004|chr1:53327685-53327985|chr1:153934654-153934954|chr1:154869572-154869872|chr1:167926460-167926760|chr2:61252239-61252539|chr2:99601386-99601686|chr2:122663753-122664056|chr2:190880717-190881021|chr3:47329127-47329427|chr3:197333797-197334107|chr4:3074726-3075026|chr4:48653652-48653973|chr4:78870833-78871133|chr4:86747383-86747685|chr4:141512023-141512331|chr5:88489458-88489758|chr5:138594080-138594397|chr5:166979024-166979354|chr6:16327481-16327808|chr6:45422533-45422833|chr6:98835097-98835397|chr6:104019163-104019465|chr6:136038040-136038340|chr6:170561756-170562109|chr7:7673157-7673458|chr7:97005901-97006201|chr7:122288042-122288357|chr8:99515211-99515511|chr8:105074762-105075062|chr9:2039615-2039915|chr9:20414126-20414454|chr9:24301073-24301377|chr9:38354730-38355030|chr10:14826137-14826546|chr10:75972871-75973171|chr11:96092017-96092328|chr12:6936564-6936864|chr12:65563562-65563865|chr12:111598796-111599100|chr12:132062373-132062696|chr13:35476145-35476445|chr13:71866146-71866446|chr13:106714592-106714892|chr13:107866149-107866468|chr16:24776904-24777204|chr16:50153338-50153641|chr16:51349681-51349981|chr16:56815709-56816023|chr16:67842711-67843012|chr16:73546512-73546816|chr16:90102130-90102435|chr17:4887518-4887820|chr17:10995551-10995862|chr17:15252241-15252541|chr17:17793635-17793935|chr17:32258675-32258976|chr17:42711739-42712039|chr17:50690464-50690764|chr17:51831516-51831819|chr18:51767720-51768020|chr18:55585994-55586313|chr19:13207708-13208008|chr19:45770053-45770353|chr20:47650920-47651220|chr22:27798741-27799076|chrX:21367063-21367380|chrX:21374444-21374744|chrX:24364088-24364407|chrX:41517621-41517921|chrX:67545160-67545469|chrX:71140588-71140888|chrX:72027825-72028125|chrX:93672964-93673264|chrX:112815445-112815745|chrX:156009975-156010275,chr1:11918761-11919062|chr1:53793357-53793657|chr1:81967326-81967626|chr1:154842042-154842348|chr2:16420654-16420956|chr2:100217848-100218148|chr2:123421329-123421634|chr2:164194860-164195160|chr2:191745446-191745747|chr3:56822898-56823198|chr3:65425412-65425712|chr3:114328751-114329051|chr3:149484455-149484758|chr4:48655674-48655976|chr4:79791932-79792287|chr4:87668536-87668839|chr4:140810907-140811229|chr4:142433176-142433479|chr5:44958521-44958821|chr5:137929769-137930087|chr5:139422383-139422683|chr5:166406029-166406357|chr6:16327712-16328058|chr6:104467038-104467341|chr6:136359173-136359473|chr6:170870843-170871197|chr7:7712788-7713091|chr7:16685679-16685979|chr7:76116010-76116310|chr7:121928096-121928411|chr8:100527438-100527738|chr8:134067913-134068216|chr9:2039604-2039904|chr9:20414122-20414493|chr9:24301089-24301393|chr9:38354711-38355011|chr10:30316350-30316650|chr10:77375842-77376142|chr10:77732629-77732929|chr11:95825200-95825500|chr12:7045729-7046034|chr12:65957342-65957642|chr12:112036600-112036913|chr12:132546918-132547242|chr13:36050282-36050582|chr13:72440291-72440593|chr13:107366945-107367246|chr13:108518497-108518808|chr15:72395399-72395699|chr15:87474647-87474947|chr16:24788224-24788530|chr16:56849620-56849942|chr16:67876615-67876915|chr16:73580409-73580719|chr16:90168541-90168843|chr17:3497297-3497597|chr17:4790813-4791115|chr17:10898869-10899179|chr17:48767825-48768127|chr17:49908876-49909179|chr18:49294087-49294409|chr18:53253226-53253544|chr19:13318528-13318831|chr19:46273328-46273628|chr20:46279663-46279969|chr22:24037475-24037775|chr22:28194730-28195039|chrX:21385180-21385485|chrX:24382207-24382526|chrX:66765003-66765313|chrX:68132822-68133134|chrX:71247676-71247976|chrX:91587569-91587869|chrX:110513467-110513767|chrX:149639475-149639775|chrX:150933961-150934261
SCA17,chr1:11858704-11859004|chr1:53327685-53327985|chr1:109249977-109250277|chr2:61252239-61252539|chr2:99601386-99601686|chr2:122663753-122664053|chr2:190880721-190881021|chr3:65439735-65440036|chr3:114609904-114610204|chr4:48653657-48653959|chr4:78870817-78871117|chr4:86747379-86747687|chr4:141512024-141512324|chr5:61590222-61590522|chr5:71958294-71958594|chr5:138594080-138594389|chr5:146878574-146878874|chr5:166979024-166979350|chr6:16327481-16327811|chr6:104019165-104019468|chr6:136038035-136038335|chr7:97005901-97006201|chr7:122288042-122288357|chr8:8606709-8607009|chr9:2039619-2039919|chr9:20414124-20414482|chr9:24301073-24301396|chr10:30027421-30027721|chr10:75616087-75616387|chr10:75972871-75973171|chr12:6936573-6936889|chr12:65563562-65563862|chr12:79973798-79974098|chr12:111598798-111599112|chr12:132062374-132062676|chr13:35476144-35476445|chr13:70139230-70139530|chr13:71866130-71866430|chr13:106714595-106714895|chr13:107866149-107866458|chr14:77027268-77027568|chr15:33362263-33362563|chr15:89333439-89333739|chr16:24776893-24777205|chr16:50153342-50153642|chr16:56815702-56816032|chr16:73546512-73546812|chr16:90102135-90102435|chr17:3594004-3594305|chr17:4887518-4887820|chr17:10995562-10995862|chr17:32258675-32258975|chr17:51831516-51831817|chr18:55585997-55586307|chr18:67960177-67960477|chr19:13207708-13208012|chr19:45770054-45770354|chr19:46898624-46898924|chr20:47650920-47651220|chr22:27798742-27799075|chr22:27799464-27799764|chrX:21367062-21367377|chrX:21374444-21374744|chrX:24364090-24364417|chrX:67545162-67545470|chrX:68912972-68913272|chrX:71140587-71140887|chrX:72027825-72028127|chrX:150470896-150471196,chr1:11918761-11919061|chr1:53793357-53793657|chr1:151678561-151678861|chr2:100217848-100218148|chr2:116797260-116797560|chr2:123421329-123421630|chr2:184269046-184269346|chr2:191745447-191745748|chr3:197060670-197060970|chr4:48655674-48655976|chr4:86670946-86671249|chr4:87668536-87668841|chr4:140810907-140811207|chr4:142433177-142433477|chr5:44958518-44958821|chr5:69293675-69293975|chr5:137929770-137930071|chr5:146258137-146258437|chr5:166406026-166406363|chr6:16327712-16328044|chr6:104467040-104467343|chr6:136359173-136359473|chr7:5352637-5352937|chr7:121928096-121928404|chr8:8464219-8464519|chr8:100527439-100527739|chr8:134067916-134068216|chr9:2039604-2039912|chr9:20414122-20414452|chr9:24301071-24301371|chr10:25567930-25568230|chr10:77375848-77376148|chr10:77732629-77732929|chr12:65957340-65957646|chr12:80367576-80367876|chr12:112036600-112036903|chr12:125478231-125478531|chr12:132546918-132547218|chr13:36050282-36050582|chr13:70713366-70713666|chr13:72440262-72440562|chr13:107366945-107367246|chr13:108518522-108518822|chr15:89876660-89876960|chr15:100252560-100252860|chr16:24788225-24788525|chr16:33948543-33948843|chr16:50187249-50187553|chr16:51383598-51383898|chr16:56849619-56849939|chr16:67876615-67876915|chr16:73580411-73580720|chr16:87637739-87638039|chr16:90168541-90168841|chr17:4790815-4791115|chr17:10898881-10899181|chr17:48767825-48768130|chr17:49908877-49909186|chr17:56056462-56056762|chr18:49294090-49294390|chr18:53253228-53253540|chr19:13318524-13318825|chr19:46273311-46273612|chr20:46279664-46279967|chr22:28194730-28195039|chr22:28195452-28195752|chrX:21385181-21385492|chrX:21392561-21392862|chrX:24382206-24382523|chrX:30490353-30490653|chrX:66765005-66765318|chrX:71247676-71247976|chrY:5314756-5315056
SCA36,chr5:146233465-146233765|chr5:146458829-146459227|chr6:147726370-147726670|chr7:66478464-66478764|chr8:143859174-143859474,chr1:11562059-11562359|chr5:145613020-145613328|chr5:145838391-145838803|chr6:148047504-148047807|chr16:85269429-85269729
EIEE1,chr1:10694431-10694731|chr1:15847783-15848083|chr1:21176413-21176724|chr1:22142973-22143274|chr1:46198368-46198668|chr1:50418950-50419250|chr1:149390652-149390952|chr1:179229481-179229781|chr2:73269301-73269601|chr2:73984911-73985211|chr2:85133545-85133845|chr2:86914131-86914582|chr2:86914532-86914832|chr2:92042676-92042976|chr2:104855447-104855747|chr2:104855665-104855968|chr2:104855927-104856227|chr2:104856886-104857186|chr2:174337296-174337609|chr2:176107527-176107829|chr2:210171137-210171452|chr2:224585012-224585314|chr3:45225007-45225307|chr3:74614282-74614589|chr3:129605116-129605416|chr4:2059223-2059523|chr5:443061-443379|chr5:61332624-61332927|chr5:139711167-139711467|chr5:141878262-141878562|chr5:177554338-177554638|chr6:45422599-45422907|chr6:117907027-117907336|chr7:20785264-20785564|chr7:55887450-55887754|chr7:65873090-65873390|chr7:97005958-97006258|chr7:100673663-100673965|chr7:100694156-100694473|chr7:105014001-105014301|chr8:22693217-22693517|chr8:42896573-42896890|chr8:60678608-60678923|chr8:104588814-104589114|chr8:144336734-144337034|chr9:77019995-77020297|chr9:97854264-97854564|chr9:130579479-130579779|chr10:21516725-21517026|chr10:21516940-21517240|chr10:131900870-131901170|chr12:45729511-45729822|chr12:111033820-111034120|chr12:123584413-123584713|chr12:124567440-124567747|chr13:53200939-53201239|chr13:99985298-99985598|chr14:70907656-70907959|chr14:92719107-92719416|chr16:24729516-24729833|chr16:25692155-25692459|chr16:72787544-72787844|chr16:79599042-79599342|chr17:32142296-32142601|chr17:32486855-32487157|chr17:40219212-40219512|chr17:56593219-56593519|chr18:57435673-57435973|chr19:1407465-1407769|chr19:2307990-2308290|chr19:10871412-10871755|chr20:32277548-32277851|chr20:44810344-44810644|chr21:8258809-8259109|chr21:8441842-8442142|chrUn_GL000220v1:158016-158316|chrX:19990768-19991072|chrX:23334599-23334900|chrX:50812986-50813289|chrX:67546359-67546664|chrX:75746919-75747221|chrX:147911891-147912209|chrX:148500454-148500790|chrX:149631561-149631881|chrX:150983240-150983575,chr1:21502568-21502869|chr1:21502906-21503216|chr1:46664040-46664340|chr1:178062752-178063052|chr1:217308720-217309020|chr1:226736481-226736783|chr2:73496429-73496729|chr2:85360668-85360968|chr2:87141254-87141767|chr2:90448399-90448702|chr2:105472382-105472682|chr2:105473344-105473698|chr2:106361175-106361475|chr2:110517832-110518132|chr2:111878393-111878693|chr2:175202037-175202337|chr2:176972253-176972554|chr2:211035861-211036174|chr2:225449729-225450029|chr3:9439185-9439485|chr3:74663434-74663734|chr3:129323959-129324259|chr4:2060953-2061253|chr5:443176-443495|chr5:60628451-60628754|chr5:139493704-139494004|chr5:141257827-141258127|chr5:176981339-176981639|chr6:45390336-45390639|chr6:118228190-118228500|chr7:6654968-6655268|chr7:20824790-20825090|chr7:55955143-55955443|chr7:100271287-100271589|chr7:100291772-100292092|chr7:104654448-104654751|chr7:143059704-143060004|chr8:42751733-42752033|chr8:61591167-61591481|chr8:105601042-105601342|chr8:145560396-145560696|chr9:116638404-116638704|chr10:21805869-21806169|chr10:79397191-79397491|chr10:134210517-134210817|chr12:54348992-54349292|chr12:125051986-125052286|chr13:37494164-37494464|chr13:100637552-100637852|chr14:71374373-71374677|chr14:93185452-93185767|chr15:40650284-40650584|chr16:3930333-3930633|chr16:24740837-24741153|chr16:25703476-25703776|chr16:72821442-72821743|chr16:86544060-86544360|chr17:7788196-7788496|chr17:30469315-30469615|chr17:30813873-30814178|chr17:38375464-38375771|chr18:31158272-31158572|chr19:1407465-1407768|chr19:2015390-2015693|chr19:10982089-10982427|chr19:46476560-46476860|chr20:30865351-30865651|chr20:35374332-35374632|chr22:29279641-29279941|chrUn_gl000220:114044-114348|chrUn_gl000220:158016-158316|chrX:20008886-20009190|chrX:23352717-23353025|chrX:48814839-48815139|chrX:66766200-66766506|chrX:74966754-74967074|chrX:146993417-146993736|chrX:147581971-147582316|chrX:150151715-150152021
BPES,chr13:33556641-33556941,
CCD,,chr3:6117935-6118235
CCHS,,
HFG,,
HPE5,,
SD5,,
XLMR,chr15:44507975-44508275,
AR,chr1:11858704-11859004|chr1:53327685-53327985|chr1:154869572-154869872|chr1:174799608-174799908|chr1:209432141-209432441|chr2:16239386-16239686|chr2:58428511-58428811|chr2:99601386-99601686|chr2:122663753-122664055|chr2:148021327-148021630|chr2:190880721-190881022|chr3:65439735-65440035|chr3:149766667-149766967|chr3:197333791-197334091|chr3:198153107-198153407|chr4:3074727-3075027|chr4:48653657-48653960|chr4:78870778-78871078|chr4:86747383-86747684|chr4:139889331-139889631|chr4:139889753-139890053|chr4:141512022-141512323|chr5:11504102-11504402|chr5:44958416-44958716|chr5:71958294-71958594|chr5:138594082-138594397|chr5:146878574-146878874|chr5:166979024-166979347|chr6:16327481-16327803|chr6:45422559-45422859|chr6:104019165-104019465|chr6:156897031-156897331|chr6:170561755-170562093|chr7:7673159-7673459|chr7:97005901-97006201|chr7:122288042-122288359|chr8:105074759-105075062|chr8:133055671-133055971|chr9:2039612-2039914|chr9:20414128-20414457|chr9:24301073-24301373|chr9:38354717-38355017|chr10:14825945-14826245|chr10:75972871-75973171|chr11:27234466-27234766|chr11:96092044-96092344|chr12:6936566-6936878|chr12:65563562-65563865|chr12:76030986-76031286|chr12:102958241-102958541|chr12:111598799-111599100|chr12:113634143-113634443|chr12:132062373-132062673|chr13:71866161-71866461|chr13:107866149-107866465|chr14:77027262-77027562|chr15:33362263-33362563|chr16:24776904-24777204|chr16:50153338-50153641|chr16:56815708-56816032|chr16:73546511-73546820|chr16:90102132-90102434|chr17:4887520-4887820|chr17:10995552-10995862|chr17:17793629-17793929|chr17:50690464-50690764|chr17:51831516-51831817|chr18:55585994-55586309|chr19:13207714-13208014|chr19:46898623-46898923|chr20:34757749-34758049|chr22:27798742-27799053|chr22:40586746-40587046|chrX:8795115-8795415|chrX:21367063-21367380|chrX:24364088-24364414|chrX:41517619-41517919|chrX:68912979-68913279|chrX:72027826-72028129|chrY:5446717-5447017,chr1:11918761-11919066|chr1:35058908-35059208|chr1:53793357-53793657|chr1:154842048-154842348|chr2:39580727-39581027|chr2:100217848-100218148|chr2:123421328-123421645|chr2:148778870-148779170|chr2:191745447-191745765|chr3:149484454-149484754|chr4:48655674-48655976|chr4:79791963-79792263|chr4:86670949-86671250|chr4:87668536-87668841|chr4:140810934-140811234|chr4:142433176-142433476|chr5:44958528-44958828|chr5:71254121-71254421|chr5:137929769-137930080|chr5:146258137-146258437|chr5:166406029-166406329|chr6:16327711-16328051|chr6:45390280-45390580|chr6:104467040-104467340|chr6:170870844-170871174|chr7:7712789-7713089|chr7:121928096-121928408|chr7:123672310-123672610|chr8:106086990-106087290|chr8:134067916-134068219|chr9:20414124-20414454|chr9:24301071-24301385|chr9:38424214-38424514|chr10:77732629-77732929|chr12:7045723-7046046|chr12:65957342-65957646|chr12:112036603-112036907|chr12:132546918-132547218|chr13:72440262-72440562|chr13:107366944-107367246|chr13:108518497-108518797|chr14:77493611-77493911|chr15:100252563-100252863|chr16:24788225-24788525|chr16:50187249-50187549|chr16:51383598-51383898|chr16:56849614-56849945|chr16:67913616-67913916|chr16:73580410-73580718|chr16:90168538-90168841|chr17:3497299-3497599|chr17:4790815-4791116|chr17:10898878-10899179|chr17:28728062-28728362|chr17:40863755-40864055|chr17:48767825-48768127|chr17:49908876-49909186|chr18:53253228-53253537|chr19:13318522-13318825|chr19:46273311-46273611|chr20:33345554-33345854|chr20:46279664-46279964|chr22:28194730-28195058|chrX:8763156-8763463|chrX:21385181-21385492|chrX:21392562-21392863|chrX:24382207-24382534|chrX:41376872-41377172|chrX:68132822-68133134|chrX:71247676-71247976|chrX:91587570-91587870|chrX:150933961-150934261
ALS,chr1:30908355-30908655|chr1:150579614-150579914|chr2:236237187-236237487|chr2:239737979-239738344|chr3:49554513-49554814|chr3:50124144-50124445|chr5:177370902-177371223|chr9:129569059-129569359|chr11:2884683-2885012|chr11:44726896-44727239|chr12:54082426-54082726|chr13:106917430-106917746|chr16:30369785-30370085|chr16:49492314-49492616|chr17:10198590-10198894|chr17:42548476-42548776|chr17:68205580-68205880|chr18:54224122-54224433|chr19:878767-879067|chr20:62065109-62065415|chr22:39994853-39995153|chr22:50628035-50628335|chrX:49879795-49880095|chrX:53625642-53626006|chrX:68718212-68718512|chrX:154341435-154341735|chrX:154390333-154390668,chr1:31381202-31381502|chr1:150552096-150552396|chr2:169103646-169103946|chr2:237145830-237146143|chr2:240659669-240660040|chr3:49591940-49592247|chr3:50161573-50161883|chr5:176797899-176798231|chr6:109804596-109804896|chr7:23992550-23992850|chr8:41624634-41624934|chr8:142318550-142318850|chr9:82974257-82974557|chr9:132331338-132331638|chr10:977068-977368|chr10:47213515-47213815|chr10:48215505-48215805|chr10:102759455-102759759|chr11:910785-911092|chr11:2905913-2906289|chr11:44748446-44748779|chr12:54476200-54476513|chr13:107569779-107570107|chr15:43663017-43663323|chr16:1664161-1664462|chr16:30381105-30381406|chr16:49526227-49526533|chr17:10101907-10102207|chr17:66201719-66202019|chr18:51750492-51750802|chr19:613404-613704|chr19:878763-879066|chr19:39897257-39897557|chr20:60640155-60640465|chr22:40390857-40391161|chrX:9754242-9754542|chrX:49644398-49644698|chrX:53652601-53652962|chrX:153569783-153570096|chrX:153618694-153619009
